GeneInfoIDfrom,Gene_1,Interaction_ID,Tax_1,Organism_Name,GeneInfoIDto,Gene_2,Tax_2,Organism_Name.1
GL026,C6L,MI:0915,502057,Vaccinia virus GLV-1h68,A7MCY6,TBKBP1,9606,Homo sapiens
GL240,A52R,inhibition,502057,Vaccinia virus GLV-1h68,O00206,TLR4,9606,Homo sapiens
GL240,A52R,MI:0914,502057,Vaccinia virus GLV-1h68,O00459,PIK3R2,9606,Homo sapiens
GL047,K7R,inhibition,502057,Vaccinia virus GLV-1h68,O00571,O00571,9606,Homo sapiens
GL047,K7R,MI:0914,502057,Vaccinia virus GLV-1h68,O00571,O00571,9606,Homo sapiens
GL224,A41L,MI:0915,502057,Vaccinia virus GLV-1h68,O00585,CCL21,9606,Homo sapiens
GL047,K7R,MI:0914,502057,Vaccinia virus GLV-1h68,O14654,IRS4,9606,Homo sapiens
GL268,B15R,MI:0915,502057,Vaccinia virus GLV-1h68,O14920,IKBKB,9606,Homo sapiens
GL268,B15R,MI:0914,502057,Vaccinia virus GLV-1h68,O14920,IKBKB,9606,Homo sapiens
GL047,K7R,MI:0914,502057,Vaccinia virus GLV-1h68,O15020,SPTBN2,9606,Homo sapiens
GL268,B15R,MI:0914,502057,Vaccinia virus GLV-1h68,O15037,KHNYN,9606,Homo sapiens
GL268,B15R,MI:0914,502057,Vaccinia virus GLV-1h68,O15111,CHUK,9606,Homo sapiens
GL268,B15R,MI:0915,502057,Vaccinia virus GLV-1h68,O15111,CHUK,9606,Homo sapiens
GL224,A41L,MI:0915,502057,Vaccinia virus GLV-1h68,O15444,CCL25,9606,Homo sapiens
GL047,K7R,inhibition,502057,Vaccinia virus GLV-1h68,O43187,IRAK2,9606,Homo sapiens
GL240,A52R,inhibition,502057,Vaccinia virus GLV-1h68,O43187,IRAK2,9606,Homo sapiens
GL033,N1L,MI:0915,502057,Vaccinia virus GLV-1h68,O43521,BCL2L11,9606,Homo sapiens
GL049,F1L,inhibition,502057,Vaccinia virus GLV-1h68,O43521,BCL2L11,9606,Homo sapiens
GL033,N1L,MI:0915,502057,Vaccinia virus GLV-1h68,P00403,MT-CO2,9606,Homo sapiens
GL033,N1L,inhibition,502057,Vaccinia virus GLV-1h68,P01375,TNF,9606,Homo sapiens
GL033,N1L,inhibition,502057,Vaccinia virus GLV-1h68,P01562,IFNA1,9606,Homo sapiens
GL026,C6L,inhibition,502057,Vaccinia virus GLV-1h68,P01574,IFNB1,9606,Homo sapiens
GL033,N1L,inhibition,502057,Vaccinia virus GLV-1h68,P01574,IFNB1,9606,Homo sapiens
GL260,B8R,MI:0914,502057,Vaccinia virus GLV-1h68,P01579,IFNG,9606,Homo sapiens
GL033,N1L,inhibition,502057,Vaccinia virus GLV-1h68,P01584,IL1B,9606,Homo sapiens
GL224,A41L,MI:0915,502057,Vaccinia virus GLV-1h68,P02776,PF4,9606,Homo sapiens
GL047,K7R,MI:0914,502057,Vaccinia virus GLV-1h68,P04908,H2AC4,9606,Homo sapiens
GL240,A52R,MI:0914,502057,Vaccinia virus GLV-1h68,P05023,ATP1A1,9606,Homo sapiens
GL240,A52R,MI:0914,502057,Vaccinia virus GLV-1h68,P05141,SLC25A5,9606,Homo sapiens
GL047,K7R,MI:0914,502057,Vaccinia virus GLV-1h68,P05166,PCCB,9606,Homo sapiens
GL047,K7R,MI:0914,502057,Vaccinia virus GLV-1h68,P07437,TUBB,9606,Homo sapiens
GL240,A52R,MI:0914,502057,Vaccinia virus GLV-1h68,P07437,TUBB,9606,Homo sapiens
GL268,B15R,MI:0914,502057,Vaccinia virus GLV-1h68,P08238,HSP90AB1,9606,Homo sapiens
GL047,K7R,MI:0914,502057,Vaccinia virus GLV-1h68,P0C0S8,H2AC11,9606,Homo sapiens
GL047,K7R,MI:0914,502057,Vaccinia virus GLV-1h68,P11021,HSPA5,9606,Homo sapiens
GL037,K1L,MI:0914,502057,Vaccinia virus GLV-1h68,P12036,NEFH,9606,Homo sapiens
GL240,A52R,MI:0914,502057,Vaccinia virus GLV-1h68,P12235,SLC25A4,9606,Homo sapiens
GL240,A52R,MI:0914,502057,Vaccinia virus GLV-1h68,P12236,SLC25A6,9606,Homo sapiens
GL047,K7R,MI:0914,502057,Vaccinia virus GLV-1h68,P13051,D4R,9606,Homo sapiens
GL240,A52R,MI:0914,502057,Vaccinia virus GLV-1h68,P13637,ATP1A3,9606,Homo sapiens
GL047,K7R,MI:0914,502057,Vaccinia virus GLV-1h68,P20671,H2AC7,9606,Homo sapiens
GL240,A52R,MI:0914,502057,Vaccinia virus GLV-1h68,P22492,H1-6,9606,Homo sapiens
GL268,B15R,MI:0914,502057,Vaccinia virus GLV-1h68,P22492,H1-6,9606,Homo sapiens
GL131,H5R,MI:0915,502057,Vaccinia virus GLV-1h68,P22626,HNRNPA2B1,9606,Homo sapiens
GL240,A52R,MI:0914,502057,Vaccinia virus GLV-1h68,P27986,PIK3R1,9606,Homo sapiens
GL215,A36R,MI:0915,502057,Vaccinia virus GLV-1h68,P33176,KIF5B,9606,Homo sapiens
GL268,B15R,MI:0914,502057,Vaccinia virus GLV-1h68,P35268,RPL22,9606,Homo sapiens
GL240,A52R,MI:0914,502057,Vaccinia virus GLV-1h68,P42336,PIK3CA,9606,Homo sapiens
GL240,A52R,MI:0914,502057,Vaccinia virus GLV-1h68,P42338,PIK3CB,9606,Homo sapiens
GL268,B15R,MI:0914,502057,Vaccinia virus GLV-1h68,P54652,HSPA2,9606,Homo sapiens
GL049,F1L,inhibition,502057,Vaccinia virus GLV-1h68,P55211,CASP9,9606,Homo sapiens
GL033,N1L,MI:0915,502057,Vaccinia virus GLV-1h68,P55957,BID,9606,Homo sapiens
GL063,F11L,MI:0915,502057,Vaccinia virus GLV-1h68,P61586,RHOA,9606,Homo sapiens
GL047,K7R,MI:0914,502057,Vaccinia virus GLV-1h68,P62805,H4C1,9606,Homo sapiens
GL240,A52R,MI:0914,502057,Vaccinia virus GLV-1h68,P68104,EEF1A1,9606,Homo sapiens
GL240,A52R,MI:0914,502057,Vaccinia virus GLV-1h68,Q00325,SLC25A3,9606,Homo sapiens
GL047,K7R,MI:0914,502057,Vaccinia virus GLV-1h68,Q00610,CLTC,9606,Homo sapiens
GL026,C6L,inhibition,502057,Vaccinia virus GLV-1h68,Q00653,NFKB2,9606,Homo sapiens
GL033,N1L,inhibition,502057,Vaccinia virus GLV-1h68,Q00653,NFKB2,9606,Homo sapiens
GL268,B15R,inhibition,502057,Vaccinia virus GLV-1h68,Q00653,NFKB2,9606,Homo sapiens
GL047,K7R,MI:0914,502057,Vaccinia virus GLV-1h68,Q01082,SPTBN1,9606,Homo sapiens
GL240,A52R,MI:0914,502057,Vaccinia virus GLV-1h68,Q02539,H1-1,9606,Homo sapiens
GL268,B15R,MI:0914,502057,Vaccinia virus GLV-1h68,Q02539,H1-1,9606,Homo sapiens
GL240,A52R,MI:0914,502057,Vaccinia virus GLV-1h68,Q05639,EEF1A2,9606,Homo sapiens
GL033,N1L,MI:0915,502057,Vaccinia virus GLV-1h68,Q07812,BAX,9606,Homo sapiens
GL049,F1L,inhibition,502057,Vaccinia virus GLV-1h68,Q07812,BAX,9606,Homo sapiens
GL047,K7R,MI:0914,502057,Vaccinia virus GLV-1h68,Q08AE8,SPIRE1,9606,Homo sapiens
GL047,K7R,MI:0914,502057,Vaccinia virus GLV-1h68,Q13085,ACACA,9606,Homo sapiens
GL268,B15R,MI:0914,502057,Vaccinia virus GLV-1h68,Q13085,ACACA,9606,Homo sapiens
GL049,F1L,inhibition,502057,Vaccinia virus GLV-1h68,Q13794,PMAIP1,9606,Homo sapiens
GL026,C6L,inhibition,502057,Vaccinia virus GLV-1h68,Q14653,IRF3,9606,Homo sapiens
GL033,N1L,inhibition,502057,Vaccinia virus GLV-1h68,Q14653,IRF3,9606,Homo sapiens
GL037,K1L,MI:0914,502057,Vaccinia virus GLV-1h68,Q15057,ACAP2,9606,Homo sapiens
GL268,B15R,MI:0914,502057,Vaccinia virus GLV-1h68,Q16543,CDC37,9606,Homo sapiens
GL049,F1L,MI:0915,502057,Vaccinia virus GLV-1h68,Q16611,BAK1,9606,Homo sapiens
GL049,F1L,inhibition,502057,Vaccinia virus GLV-1h68,Q16611,BAK1,9606,Homo sapiens
GL047,K7R,MI:0914,502057,Vaccinia virus GLV-1h68,Q16777,H2AC20,9606,Homo sapiens
GL047,K7R,MI:0914,502057,Vaccinia virus GLV-1h68,Q53SF7,COBLL1,9606,Homo sapiens
GL047,K7R,MI:0914,502057,Vaccinia virus GLV-1h68,Q5EBL4,RILPL1,9606,Homo sapiens
GL047,K7R,MI:0914,502057,Vaccinia virus GLV-1h68,Q6FI13,H2AC18,9606,Homo sapiens
GL240,A52R,MI:0914,502057,Vaccinia virus GLV-1h68,Q71U36,TUBA1A,9606,Homo sapiens
GL268,B15R,MI:0914,502057,Vaccinia virus GLV-1h68,Q71U36,TUBA1A,9606,Homo sapiens
GL047,K7R,MI:0914,502057,Vaccinia virus GLV-1h68,Q7L7L0,H2AW,9606,Homo sapiens
GL240,A52R,MI:0914,502057,Vaccinia virus GLV-1h68,Q92569,PIK3R3,9606,Homo sapiens
GL026,C6L,MI:0915,502057,Vaccinia virus GLV-1h68,Q92844,TANK,9606,Homo sapiens
GL033,N1L,MI:0915,502057,Vaccinia virus GLV-1h68,Q92934,BAD,9606,Homo sapiens
GL049,F1L,inhibition,502057,Vaccinia virus GLV-1h68,Q92934,BAD,9606,Homo sapiens
GL026,C6L,inhibition,502057,Vaccinia virus GLV-1h68,Q92985,IRF7,9606,Homo sapiens
GL268,B15R,MI:0914,502057,Vaccinia virus GLV-1h68,Q93008,USP9X,9606,Homo sapiens
GL047,K7R,MI:0914,502057,Vaccinia virus GLV-1h68,Q93077,H2AC6,9606,Homo sapiens
GL047,K7R,MI:0914,502057,Vaccinia virus GLV-1h68,Q96KK5,H2AC12,9606,Homo sapiens
GL047,K7R,MI:0914,502057,Vaccinia virus GLV-1h68,Q99878,H2AC14,9606,Homo sapiens
GL240,A52R,MI:0914,502057,Vaccinia virus GLV-1h68,Q9BQE3,TUBA1C,9606,Homo sapiens
GL268,B15R,MI:0914,502057,Vaccinia virus GLV-1h68,Q9BQE3,TUBA1C,9606,Homo sapiens
GL047,K7R,MI:0914,502057,Vaccinia virus GLV-1h68,Q9BTM1,H2AJ,9606,Homo sapiens
GL049,F1L,inhibition,502057,Vaccinia virus GLV-1h68,Q9BXH1,BBC3,9606,Homo sapiens
GL047,K7R,MI:0914,502057,Vaccinia virus GLV-1h68,Q9BYP7,WNK3,9606,Homo sapiens
GL047,K7R,MI:0914,502057,Vaccinia virus GLV-1h68,Q9H4A3,WNK1,9606,Homo sapiens
GL026,C6L,MI:0915,502057,Vaccinia virus GLV-1h68,Q9H6S1,AZI2,9606,Homo sapiens
GL047,K7R,MI:0914,502057,Vaccinia virus GLV-1h68,Q9HCC0,MCCC2,9606,Homo sapiens
GL268,B15R,MI:0914,502057,Vaccinia virus GLV-1h68,Q9HCC0,MCCC2,9606,Homo sapiens
GL268,B15R,MI:0914,502057,Vaccinia virus GLV-1h68,Q9P2P1,NYNRIN,9606,Homo sapiens
GL033,N1L,MI:0915,502057,Vaccinia virus GLV-1h68,Q9UHD2,TBK1,9606,Homo sapiens
GL033,N1L,inhibition,502057,Vaccinia virus GLV-1h68,Q9UHD2,TBK1,9606,Homo sapiens
GL047,K7R,MI:0914,502057,Vaccinia virus GLV-1h68,Q9Y3S1,WNK2,9606,Homo sapiens
GL047,K7R,inhibition,502057,Vaccinia virus GLV-1h68,Q9Y4K3,TRAF6,9606,Homo sapiens
GL240,A52R,MI:0915,502057,Vaccinia virus GLV-1h68,Q9Y4K3,TRAF6,9606,Homo sapiens
GL240,A52R,inhibition,502057,Vaccinia virus GLV-1h68,Q9Y4K3,TRAF6,9606,Homo sapiens
GL268,B15R,MI:0914,502057,Vaccinia virus GLV-1h68,Q9Y6K9,IKBKG,9606,Homo sapiens
GL247,VPK1,activation,502057,Vaccinia virus GLV-1h68,O14733,MAP2K7,9606,Homo sapiens
GL247,VPK1,activation,502057,Vaccinia virus GLV-1h68,P05412,JUN,9606,Homo sapiens
GL127,H1L,activation,502057,Vaccinia virus GLV-1h68,P42224,STAT1,9606,Homo sapiens
GL127,H1L,MI:0915,502057,Vaccinia virus GLV-1h68,P42224,STAT1,9606,Homo sapiens
GL127,H1L,MI:0203,502057,Vaccinia virus GLV-1h68,P42224,STAT1,9606,Homo sapiens
GL209,A32L,MI:0915,502057,Vaccinia virus GLV-1h68,GL178,A11R,502057,Vaccinia virus GLV-1h68
GL131,H5R,MI:0915,502057,Vaccinia virus GLV-1h68,GL189,A20R,502057,Vaccinia virus GLV-1h68
GL142,D5R,MI:0915,502057,Vaccinia virus GLV-1h68,GL189,A20R,502057,Vaccinia virus GLV-1h68
GL168,A6L,MI:0915,502057,Vaccinia virus GLV-1h68,GL188,A21L,502057,Vaccinia virus GLV-1h68
GL131,H5R,MI:0915,502057,Vaccinia virus GLV-1h68,GL161,A2L,502057,Vaccinia virus GLV-1h68
GL140,D4R,MI:0915,502057,Vaccinia virus GLV-1h68,GL189,A20R,502057,Vaccinia virus GLV-1h68
P00451,F8,MI:0915,9606,Homo sapiens,GL011,C10L,502057,Vaccinia virus GLV-1h68
Q9GZT9,EGLN1,MI:0915,9606,Homo sapiens,GL011,C10L,502057,Vaccinia virus GLV-1h68
P42224,STAT1,MI:0203,9606,Homo sapiens,GL127,H1L,502057,Vaccinia virus GLV-1h68
P42224,STAT1,MI:0915,9606,Homo sapiens,GL127,H1L,502057,Vaccinia virus GLV-1h68
P05412,JUN,MI:0915,9606,Homo sapiens,GL247,VPK1,502057,Vaccinia virus GLV-1h68
K7ERV3,TK1,MI:0915,9606,Homo sapiens,GL120-,TK,502057,Vaccinia virus GLV-1h68
O00151,PDLIM1,MI:0915,9606,Homo sapiens,GL120-,TK,502057,Vaccinia virus GLV-1h68
Q9C0F3,ZNF436,MI:0915,9606,Homo sapiens,GL120-,TK,502057,Vaccinia virus GLV-1h68
O75152,ZC3H11A,MI:0915,9606,Homo sapiens,GL001,C23L,502057,Vaccinia virus GLV-1h68
P0CG48,UBC,MI:0915,9606,Homo sapiens,GL001,C23L,502057,Vaccinia virus GLV-1h68
P19013,KRT4,MI:0915,9606,Homo sapiens,GL001,C23L,502057,Vaccinia virus GLV-1h68
P20042,EIF2S2,MI:0915,9606,Homo sapiens,GL001,C23L,502057,Vaccinia virus GLV-1h68
P46778,RPL21,MI:0915,9606,Homo sapiens,GL001,C23L,502057,Vaccinia virus GLV-1h68
Q13427,PPIG,MI:0915,9606,Homo sapiens,GL001,C23L,502057,Vaccinia virus GLV-1h68
Q8WV24,PHLDA1,MI:0915,9606,Homo sapiens,GL001,C23L,502057,Vaccinia virus GLV-1h68
Q99729,HNRNPAB,MI:0915,9606,Homo sapiens,GL001,C23L,502057,Vaccinia virus GLV-1h68
O00499,BIN1,MI:0915,9606,Homo sapiens,GL234,A48R,502057,Vaccinia virus GLV-1h68
GL209,A32L,MI:0915,502057,Vaccinia virus GLV-1h68,GL147,D7R,502057,Vaccinia virus GLV-1h68
GL131,H5R,MI:0915,502057,Vaccinia virus GLV-1h68,GL160,A1L,502057,Vaccinia virus GLV-1h68
GL080,E7R,MI:0915,502057,Vaccinia virus GLV-1h68,GL221,A39R,502057,Vaccinia virus GLV-1h68
GL131,H5R,MI:0915,502057,Vaccinia virus GLV-1h68,GL112,G8R,502057,Vaccinia virus GLV-1h68
GL113,G9R,MI:0915,502057,Vaccinia virus GLV-1h68,GL245-,A56R,502057,Vaccinia virus GLV-1h68
GL124,J5L,MI:0915,502057,Vaccinia virus GLV-1h68,GL245-,A56R,502057,Vaccinia virus GLV-1h68
GL212,A34R,MI:0403,502057,Vaccinia virus GLV-1h68,GL256,B5R,502057,Vaccinia virus GLV-1h68
GL140,D4R,MI:0915,502057,Vaccinia virus GLV-1h68,GL140,D4R,502057,Vaccinia virus GLV-1h68
GL160,A1L,MI:0915,502057,Vaccinia virus GLV-1h68,GL160,A1L,502057,Vaccinia virus GLV-1h68
GL112,G8R,MI:0915,502057,Vaccinia virus GLV-1h68,GL160,A1L,502057,Vaccinia virus GLV-1h68
GL283,C12L,MI:0915,502057,Vaccinia virus GLV-1h68,GL283,C12L,502057,Vaccinia virus GLV-1h68
GL019,,MI:0915,502057,Vaccinia virus GLV-1h68,GL019,,502057,Vaccinia virus GLV-1h68
GL019,,MI:0915,502057,Vaccinia virus GLV-1h68,GL019,,502057,Vaccinia virus GLV-1h68
GL016-,,MI:0915,502057,Vaccinia virus GLV-1h68,GL016-,,502057,Vaccinia virus GLV-1h68
GL050,F2L,MI:0915,502057,Vaccinia virus GLV-1h68,GL050,F2L,502057,Vaccinia virus GLV-1h68
GL122,J3R,MI:0407,502057,Vaccinia virus GLV-1h68,GL073,E1L,502057,Vaccinia virus GLV-1h68
GL241,A53R,MI:0915,502057,Vaccinia virus GLV-1h68,GL241,A53R,502057,Vaccinia virus GLV-1h68
GL120-,J2R,MI:0915,502057,Vaccinia virus GLV-1h68,GL120-,J2R,502057,Vaccinia virus GLV-1h68
GL160,A1L,MI:0915,502057,Vaccinia virus GLV-1h68,GL112,G8R,502057,Vaccinia virus GLV-1h68
GL112,G8R,MI:0915,502057,Vaccinia virus GLV-1h68,GL112,G8R,502057,Vaccinia virus GLV-1h68
GL038,K2L,MI:0915,502057,Vaccinia virus GLV-1h68,GL245-,A56R,502057,Vaccinia virus GLV-1h68
Q8IY57,YAF2,MI:0915,9606,Homo sapiens,GL025,C7L,502057,Vaccinia virus GLV-1h68
A7MCY6,TBKBP1,MI:0915,9606,Homo sapiens,GL026,C6L,502057,Vaccinia virus GLV-1h68
Q92844,TANK,MI:0915,9606,Homo sapiens,GL026,C6L,502057,Vaccinia virus GLV-1h68
Q9H6S1,AZI2,MI:0915,9606,Homo sapiens,GL026,C6L,502057,Vaccinia virus GLV-1h68
O43815,STRN,MI:0915,9606,Homo sapiens,GL027,C5L,502057,Vaccinia virus GLV-1h68
O75665,OFD1,MI:0915,9606,Homo sapiens,GL027,C5L,502057,Vaccinia virus GLV-1h68
O94763,URI1,MI:0915,9606,Homo sapiens,GL027,C5L,502057,Vaccinia virus GLV-1h68
P19013,KRT4,MI:0915,9606,Homo sapiens,GL027,C5L,502057,Vaccinia virus GLV-1h68
P23025,XPA,MI:0915,9606,Homo sapiens,GL027,C5L,502057,Vaccinia virus GLV-1h68
P23246,SFPQ,MI:0915,9606,Homo sapiens,GL027,C5L,502057,Vaccinia virus GLV-1h68
P24539,ATP5PB,MI:0915,9606,Homo sapiens,GL027,C5L,502057,Vaccinia virus GLV-1h68
P35221,CTNNA1,MI:0915,9606,Homo sapiens,GL027,C5L,502057,Vaccinia virus GLV-1h68
P48788,TNNI2,MI:0915,9606,Homo sapiens,GL027,C5L,502057,Vaccinia virus GLV-1h68
P49792,RANBP2,MI:0915,9606,Homo sapiens,GL027,C5L,502057,Vaccinia virus GLV-1h68
P50552,VASP,MI:0915,9606,Homo sapiens,GL027,C5L,502057,Vaccinia virus GLV-1h68
P63010,AP2B1,MI:0915,9606,Homo sapiens,GL027,C5L,502057,Vaccinia virus GLV-1h68
Q13227,GPS2,MI:0915,9606,Homo sapiens,GL027,C5L,502057,Vaccinia virus GLV-1h68
Q14141,SEPTIN6,MI:0915,9606,Homo sapiens,GL027,C5L,502057,Vaccinia virus GLV-1h68
Q6P597,KLC3,MI:0915,9606,Homo sapiens,GL027,C5L,502057,Vaccinia virus GLV-1h68
Q7Z406,MYH14,MI:0915,9606,Homo sapiens,GL027,C5L,502057,Vaccinia virus GLV-1h68
Q7Z7A1,CNTRL,MI:0915,9606,Homo sapiens,GL027,C5L,502057,Vaccinia virus GLV-1h68
Q8WUM4,PDCD6IP,MI:0915,9606,Homo sapiens,GL027,C5L,502057,Vaccinia virus GLV-1h68
Q8WXH0,SYNE2,MI:0915,9606,Homo sapiens,GL027,C5L,502057,Vaccinia virus GLV-1h68
Q92599,SEPTIN8,MI:0915,9606,Homo sapiens,GL027,C5L,502057,Vaccinia virus GLV-1h68
Q92878,RAD50,MI:0915,9606,Homo sapiens,GL027,C5L,502057,Vaccinia virus GLV-1h68
Q96C34,RUNDC1,MI:0915,9606,Homo sapiens,GL027,C5L,502057,Vaccinia virus GLV-1h68
Q96F44,TRIM11,MI:0915,9606,Homo sapiens,GL027,C5L,502057,Vaccinia virus GLV-1h68
Q99675,CGRRF1,MI:0915,9606,Homo sapiens,GL027,C5L,502057,Vaccinia virus GLV-1h68
Q9BQS8,FYCO1,MI:0915,9606,Homo sapiens,GL027,C5L,502057,Vaccinia virus GLV-1h68
Q9BT92,TCHP,MI:0915,9606,Homo sapiens,GL027,C5L,502057,Vaccinia virus GLV-1h68
Q9H2G2,SLK,MI:0915,9606,Homo sapiens,GL027,C5L,502057,Vaccinia virus GLV-1h68
Q9NSA3,CTNNBIP1,MI:0915,9606,Homo sapiens,GL027,C5L,502057,Vaccinia virus GLV-1h68
Q9UBB5,MBD2,MI:0915,9606,Homo sapiens,GL027,C5L,502057,Vaccinia virus GLV-1h68
Q9UPT5,EXOC7,MI:0915,9606,Homo sapiens,GL027,C5L,502057,Vaccinia virus GLV-1h68
Q9Y5S2,CDC42BPB,MI:0915,9606,Homo sapiens,GL027,C5L,502057,Vaccinia virus GLV-1h68
Q9Y679,AUP1,MI:0915,9606,Homo sapiens,GL027,C5L,502057,Vaccinia virus GLV-1h68
P02511,CRYAB,MI:0915,9606,Homo sapiens,GL031,C2L,502057,Vaccinia virus GLV-1h68
P04792,HSPB1,MI:0915,9606,Homo sapiens,GL031,C2L,502057,Vaccinia virus GLV-1h68
O43521,BCL2L11,MI:0915,9606,Homo sapiens,GL033,N1L,502057,Vaccinia virus GLV-1h68
P55957,BID,MI:0915,9606,Homo sapiens,GL033,N1L,502057,Vaccinia virus GLV-1h68
Q07812,BAX,MI:0915,9606,Homo sapiens,GL033,N1L,502057,Vaccinia virus GLV-1h68
Q92934,BAD,MI:0915,9606,Homo sapiens,GL033,N1L,502057,Vaccinia virus GLV-1h68
K7ERV3,TK1,MI:0915,9606,Homo sapiens,GL034,N2L,502057,Vaccinia virus GLV-1h68
O15131,KPNA5,MI:0915,9606,Homo sapiens,GL034,N2L,502057,Vaccinia virus GLV-1h68
O75398,DEAF1,MI:0915,9606,Homo sapiens,GL034,N2L,502057,Vaccinia virus GLV-1h68
P18583,SON,MI:0915,9606,Homo sapiens,GL034,N2L,502057,Vaccinia virus GLV-1h68
P52179,MYOM1,MI:0915,9606,Homo sapiens,GL034,N2L,502057,Vaccinia virus GLV-1h68
P52292,KPNA2,MI:0915,9606,Homo sapiens,GL034,N2L,502057,Vaccinia virus GLV-1h68
P63010,AP2B1,MI:0915,9606,Homo sapiens,GL034,N2L,502057,Vaccinia virus GLV-1h68
Q08379,GOLGA2,MI:0915,9606,Homo sapiens,GL034,N2L,502057,Vaccinia virus GLV-1h68
Q13162,PRDX4,MI:0915,9606,Homo sapiens,GL034,N2L,502057,Vaccinia virus GLV-1h68
Q8IVF2,AHNAK2,MI:0915,9606,Homo sapiens,GL034,N2L,502057,Vaccinia virus GLV-1h68
Q96ES6,MFSD3,MI:0915,9606,Homo sapiens,GL034,N2L,502057,Vaccinia virus GLV-1h68
Q96JH7,VCPIP1,MI:0915,9606,Homo sapiens,GL034,N2L,502057,Vaccinia virus GLV-1h68
Q9BS26,ERP44,MI:0915,9606,Homo sapiens,GL034,N2L,502057,Vaccinia virus GLV-1h68
Q9NRQ2,PLSCR4,MI:0915,9606,Homo sapiens,GL034,N2L,502057,Vaccinia virus GLV-1h68
Q9P0K7,RAI14,MI:0915,9606,Homo sapiens,GL034,N2L,502057,Vaccinia virus GLV-1h68
Q9Y3T6,R3HCC1,MI:0915,9606,Homo sapiens,GL034,N2L,502057,Vaccinia virus GLV-1h68
P12036,NEFH,MI:0914,9606,Homo sapiens,GL037,K1L,502057,Vaccinia virus GLV-1h68
Q15057,ACAP2,MI:0914,9606,Homo sapiens,GL037,K1L,502057,Vaccinia virus GLV-1h68
P19525,EIF2AK2,MI:0915,9606,Homo sapiens,GL042,K3L,502057,Vaccinia virus GLV-1h68
P24001,IL32,MI:0915,9606,Homo sapiens,GL042,K3L,502057,Vaccinia virus GLV-1h68
P62979,RPS27A,MI:0915,9606,Homo sapiens,GL042,K3L,502057,Vaccinia virus GLV-1h68
Q86X95,CIR1,MI:0915,9606,Homo sapiens,GL042,K3L,502057,Vaccinia virus GLV-1h68
Q9BRK4,LZTS2,MI:0915,9606,Homo sapiens,GL042,K3L,502057,Vaccinia virus GLV-1h68
Q9NP74,PALMD,MI:0915,9606,Homo sapiens,GL042,K3L,502057,Vaccinia virus GLV-1h68
Q9NQ29,LUC7L,MI:0915,9606,Homo sapiens,GL042,K3L,502057,Vaccinia virus GLV-1h68
O00327,ARNTL,MI:0915,9606,Homo sapiens,GL047,K7R,502057,Vaccinia virus GLV-1h68
O00571,DDX3X,MI:0407,9606,Homo sapiens,GL047,K7R,502057,Vaccinia virus GLV-1h68
O00571,DDX3X,MI:0914,9606,Homo sapiens,GL047,K7R,502057,Vaccinia virus GLV-1h68
O00571,DDX3X,MI:0915,9606,Homo sapiens,GL047,K7R,502057,Vaccinia virus GLV-1h68
O14654,IRS4,MI:0914,9606,Homo sapiens,GL047,K7R,502057,Vaccinia virus GLV-1h68
O15020,SPTBN2,MI:0914,9606,Homo sapiens,GL047,K7R,502057,Vaccinia virus GLV-1h68
O75376,NCOR1,MI:0915,9606,Homo sapiens,GL047,K7R,502057,Vaccinia virus GLV-1h68
P04908,H2AC4,MI:0914,9606,Homo sapiens,GL047,K7R,502057,Vaccinia virus GLV-1h68
P05166,PCCB,MI:0914,9606,Homo sapiens,GL047,K7R,502057,Vaccinia virus GLV-1h68
P07437,TUBB,MI:0914,9606,Homo sapiens,GL047,K7R,502057,Vaccinia virus GLV-1h68
P0C0S8,H2AC11,MI:0914,9606,Homo sapiens,GL047,K7R,502057,Vaccinia virus GLV-1h68
P11021,HSPA5,MI:0914,9606,Homo sapiens,GL047,K7R,502057,Vaccinia virus GLV-1h68
P13051,D4R,MI:0914,9606,Homo sapiens,GL047,K7R,502057,Vaccinia virus GLV-1h68
P20671,H2AC7,MI:0914,9606,Homo sapiens,GL047,K7R,502057,Vaccinia virus GLV-1h68
P46776,RPL27A,MI:0915,9606,Homo sapiens,GL047,K7R,502057,Vaccinia virus GLV-1h68
P62805,H4C1,MI:0914,9606,Homo sapiens,GL047,K7R,502057,Vaccinia virus GLV-1h68
Q00610,CLTC,MI:0914,9606,Homo sapiens,GL047,K7R,502057,Vaccinia virus GLV-1h68
Q01082,SPTBN1,MI:0914,9606,Homo sapiens,GL047,K7R,502057,Vaccinia virus GLV-1h68
Q08AE8,SPIRE1,MI:0914,9606,Homo sapiens,GL047,K7R,502057,Vaccinia virus GLV-1h68
Q13085,ACACA,MI:0914,9606,Homo sapiens,GL047,K7R,502057,Vaccinia virus GLV-1h68
Q16777,H2AC20,MI:0914,9606,Homo sapiens,GL047,K7R,502057,Vaccinia virus GLV-1h68
Q53SF7,COBLL1,MI:0914,9606,Homo sapiens,GL047,K7R,502057,Vaccinia virus GLV-1h68
Q5EBL4,RILPL1,MI:0914,9606,Homo sapiens,GL047,K7R,502057,Vaccinia virus GLV-1h68
Q6FI13,H2AC18,MI:0914,9606,Homo sapiens,GL047,K7R,502057,Vaccinia virus GLV-1h68
Q7L7L0,H2AW,MI:0914,9606,Homo sapiens,GL047,K7R,502057,Vaccinia virus GLV-1h68
Q93077,H2AC6,MI:0914,9606,Homo sapiens,GL047,K7R,502057,Vaccinia virus GLV-1h68
Q96KK5,H2AC12,MI:0914,9606,Homo sapiens,GL047,K7R,502057,Vaccinia virus GLV-1h68
Q99878,H2AC14,MI:0914,9606,Homo sapiens,GL047,K7R,502057,Vaccinia virus GLV-1h68
Q9BTM1,H2AJ,MI:0914,9606,Homo sapiens,GL047,K7R,502057,Vaccinia virus GLV-1h68
Q9BYP7,WNK3,MI:0914,9606,Homo sapiens,GL047,K7R,502057,Vaccinia virus GLV-1h68
Q9H2G4,TSPYL2,MI:0915,9606,Homo sapiens,GL047,K7R,502057,Vaccinia virus GLV-1h68
Q9H4A3,WNK1,MI:0914,9606,Homo sapiens,GL047,K7R,502057,Vaccinia virus GLV-1h68
Q9HCC0,MCCC2,MI:0914,9606,Homo sapiens,GL047,K7R,502057,Vaccinia virus GLV-1h68
Q9Y3S1,WNK2,MI:0914,9606,Homo sapiens,GL047,K7R,502057,Vaccinia virus GLV-1h68
Q9Y5X3,SNX5,MI:0915,9606,Homo sapiens,GL047,K7R,502057,Vaccinia virus GLV-1h68
O43521,BCL2L11,MI:0915,9606,Homo sapiens,GL049,F1L,502057,Vaccinia virus GLV-1h68
Q07812,BAX,MI:0915,9606,Homo sapiens,GL049,F1L,502057,Vaccinia virus GLV-1h68
Q13794,PMAIP1,MI:0915,9606,Homo sapiens,GL049,F1L,502057,Vaccinia virus GLV-1h68
Q16611,BAK1,MI:0915,9606,Homo sapiens,GL049,F1L,502057,Vaccinia virus GLV-1h68
Q96PG8,BBC3,MI:0915,9606,Homo sapiens,GL049,F1L,502057,Vaccinia virus GLV-1h68
P78344,EIF4G2,MI:0915,9606,Homo sapiens,GL053,F4L,502057,Vaccinia virus GLV-1h68
Q13227,GPS2,MI:0915,9606,Homo sapiens,GL053,F4L,502057,Vaccinia virus GLV-1h68
Q13753,LAMC2,MI:0915,9606,Homo sapiens,GL053,F4L,502057,Vaccinia virus GLV-1h68
A6NNZ2,TUBB8B,MI:0914,9606,Homo sapiens,GL075,E3L,502057,Vaccinia virus GLV-1h68
O14933,UBE2L6,MI:0403,9606,Homo sapiens,GL075,E3L,502057,Vaccinia virus GLV-1h68
O14933,UBE2L6,MI:0915,9606,Homo sapiens,GL075,E3L,502057,Vaccinia virus GLV-1h68
O15021,MAST4,MI:0915,9606,Homo sapiens,GL075,E3L,502057,Vaccinia virus GLV-1h68
O43390,HNRNPR,MI:0914,9606,Homo sapiens,GL075,E3L,502057,Vaccinia virus GLV-1h68
O60506,SYNCRIP,MI:0914,9606,Homo sapiens,GL075,E3L,502057,Vaccinia virus GLV-1h68
O95793,STAU1,MI:0915,9606,Homo sapiens,GL075,E3L,502057,Vaccinia virus GLV-1h68
P06733,ENO1,MI:0914,9606,Homo sapiens,GL075,E3L,502057,Vaccinia virus GLV-1h68
P07437,TUBB,MI:0914,9606,Homo sapiens,GL075,E3L,502057,Vaccinia virus GLV-1h68
P07910,HNRNPC,MI:0914,9606,Homo sapiens,GL075,E3L,502057,Vaccinia virus GLV-1h68
P09104,ENO2,MI:0914,9606,Homo sapiens,GL075,E3L,502057,Vaccinia virus GLV-1h68
P09651,HNRNPA1,MI:0914,9606,Homo sapiens,GL075,E3L,502057,Vaccinia virus GLV-1h68
P0DP25,CALM3,MI:0914,9606,Homo sapiens,GL075,E3L,502057,Vaccinia virus GLV-1h68
P12036,NEFH,MI:0914,9606,Homo sapiens,GL075,E3L,502057,Vaccinia virus GLV-1h68
P12273,PIP,MI:0914,9606,Homo sapiens,GL075,E3L,502057,Vaccinia virus GLV-1h68
P12277,CKB,MI:0914,9606,Homo sapiens,GL075,E3L,502057,Vaccinia virus GLV-1h68
P13929,ENO3,MI:0914,9606,Homo sapiens,GL075,E3L,502057,Vaccinia virus GLV-1h68
P14923,JUP,MI:0914,9606,Homo sapiens,GL075,E3L,502057,Vaccinia virus GLV-1h68
P15924,DSP,MI:0914,9606,Homo sapiens,GL075,E3L,502057,Vaccinia virus GLV-1h68
P19525,EIF2AK2,MI:0915,9606,Homo sapiens,GL075,E3L,502057,Vaccinia virus GLV-1h68
P22492,CCL1,MI:0914,9606,Homo sapiens,GL075,E3L,502057,Vaccinia virus GLV-1h68
P22531,SPRR2E,MI:0914,9606,Homo sapiens,GL075,E3L,502057,Vaccinia virus GLV-1h68
P22532,SPRR2D,MI:0914,9606,Homo sapiens,GL075,E3L,502057,Vaccinia virus GLV-1h68
P22626,HNRNPA2B1,MI:0914,9606,Homo sapiens,GL075,E3L,502057,Vaccinia virus GLV-1h68
P35325,SPRR2B,MI:0914,9606,Homo sapiens,GL075,E3L,502057,Vaccinia virus GLV-1h68
P35326,SPRR2A,MI:0914,9606,Homo sapiens,GL075,E3L,502057,Vaccinia virus GLV-1h68
P38159,RBMX,MI:0914,9606,Homo sapiens,GL075,E3L,502057,Vaccinia virus GLV-1h68
P55265,ADAR,MI:0914,9606,Homo sapiens,GL075,E3L,502057,Vaccinia virus GLV-1h68
P61978,HNRNPK,MI:0914,9606,Homo sapiens,GL075,E3L,502057,Vaccinia virus GLV-1h68
P67809,YBX1,MI:0914,9606,Homo sapiens,GL075,E3L,502057,Vaccinia virus GLV-1h68
P68371,TUBB4B,MI:0914,9606,Homo sapiens,GL075,E3L,502057,Vaccinia virus GLV-1h68
Q00839,HNRNPU,MI:0914,9606,Homo sapiens,GL075,E3L,502057,Vaccinia virus GLV-1h68
Q02539,H1-1,MI:0914,9606,Homo sapiens,GL075,E3L,502057,Vaccinia virus GLV-1h68
Q08211,DHX9,MI:0914,9606,Homo sapiens,GL075,E3L,502057,Vaccinia virus GLV-1h68
Q08211,DHX9,MI:0915,9606,Homo sapiens,GL075,E3L,502057,Vaccinia virus GLV-1h68
Q12905,ILF2,MI:0914,9606,Homo sapiens,GL075,E3L,502057,Vaccinia virus GLV-1h68
Q12906,ILF3,MI:0914,9606,Homo sapiens,GL075,E3L,502057,Vaccinia virus GLV-1h68
Q13283,G3BP1,MI:0403,9606,Homo sapiens,GL075,E3L,502057,Vaccinia virus GLV-1h68
Q13885,TUBB2A,MI:0914,9606,Homo sapiens,GL075,E3L,502057,Vaccinia virus GLV-1h68
Q14103,HNRNPD,MI:0914,9606,Homo sapiens,GL075,E3L,502057,Vaccinia virus GLV-1h68
Q14444,CAPRIN1,MI:0403,9606,Homo sapiens,GL075,E3L,502057,Vaccinia virus GLV-1h68
Q3ZCM7,TUBB8,MI:0914,9606,Homo sapiens,GL075,E3L,502057,Vaccinia virus GLV-1h68
Q6P0Q8,MAST2,MI:0915,9606,Homo sapiens,GL075,E3L,502057,Vaccinia virus GLV-1h68
Q86YZ3,HRNR,MI:0914,9606,Homo sapiens,GL075,E3L,502057,Vaccinia virus GLV-1h68
Q99729,HNRNPAB,MI:0914,9606,Homo sapiens,GL075,E3L,502057,Vaccinia virus GLV-1h68
Q9BQE3,TUBA1C,MI:0914,9606,Homo sapiens,GL075,E3L,502057,Vaccinia virus GLV-1h68
Q9BVA1,TUBB2B,MI:0914,9606,Homo sapiens,GL075,E3L,502057,Vaccinia virus GLV-1h68
Q9BYE4,SPRR2G,MI:0914,9606,Homo sapiens,GL075,E3L,502057,Vaccinia virus GLV-1h68
Q9NUL3,STAU2,MI:0915,9606,Homo sapiens,GL075,E3L,502057,Vaccinia virus GLV-1h68
Q9Y2H9,MAST1,MI:0915,9606,Homo sapiens,GL075,E3L,502057,Vaccinia virus GLV-1h68
Q8IUR0,TRAPPC5,MI:0915,9606,Homo sapiens,GL080,E7R,502057,Vaccinia virus GLV-1h68
O95400,CD2BP2,MI:0915,9606,Homo sapiens,GL082,E8R,502057,Vaccinia virus GLV-1h68
P02511,CRYAB,MI:0915,9606,Homo sapiens,GL082,E8R,502057,Vaccinia virus GLV-1h68
P06748,NPM1,MI:0915,9606,Homo sapiens,GL082,E8R,502057,Vaccinia virus GLV-1h68
P14923,JUP,MI:0915,9606,Homo sapiens,GL082,E8R,502057,Vaccinia virus GLV-1h68
P27449,ATP6V0C,MI:0915,9606,Homo sapiens,GL082,E8R,502057,Vaccinia virus GLV-1h68
P55327,TPD52,MI:0915,9606,Homo sapiens,GL082,E8R,502057,Vaccinia virus GLV-1h68
Q05086,UBE3A,MI:0915,9606,Homo sapiens,GL082,E8R,502057,Vaccinia virus GLV-1h68
Q05BQ5,MBTD1,MI:0915,9606,Homo sapiens,GL082,E8R,502057,Vaccinia virus GLV-1h68
Q07666,KHDRBS1,MI:0915,9606,Homo sapiens,GL082,E8R,502057,Vaccinia virus GLV-1h68
Q15084,PDIA6,MI:0915,9606,Homo sapiens,GL082,E8R,502057,Vaccinia virus GLV-1h68
Q4G0J3,LARP7,MI:0915,9606,Homo sapiens,GL082,E8R,502057,Vaccinia virus GLV-1h68
Q53H80,AKIRIN2,MI:0915,9606,Homo sapiens,GL082,E8R,502057,Vaccinia virus GLV-1h68
Q76M96,CCDC80,MI:0915,9606,Homo sapiens,GL082,E8R,502057,Vaccinia virus GLV-1h68
Q8IXT5,RBM12B,MI:0915,9606,Homo sapiens,GL082,E8R,502057,Vaccinia virus GLV-1h68
Q8TDL5,BPIFB1,MI:0915,9606,Homo sapiens,GL082,E8R,502057,Vaccinia virus GLV-1h68
Q96AH0,NABP1,MI:0915,9606,Homo sapiens,GL082,E8R,502057,Vaccinia virus GLV-1h68
Q96JA1,LRIG1,MI:0915,9606,Homo sapiens,GL082,E8R,502057,Vaccinia virus GLV-1h68
Q99661,KIF2C,MI:0915,9606,Homo sapiens,GL082,E8R,502057,Vaccinia virus GLV-1h68
Q9NP98,MYOZ1,MI:0915,9606,Homo sapiens,GL082,E8R,502057,Vaccinia virus GLV-1h68
Q9Y3C5,RNF11,MI:0915,9606,Homo sapiens,GL082,E8R,502057,Vaccinia virus GLV-1h68
Q9Y5Q9,GTF3C3,MI:0915,9606,Homo sapiens,GL082,E8R,502057,Vaccinia virus GLV-1h68
O14578,CIT,MI:0915,9606,Homo sapiens,GL095,I4L,502057,Vaccinia virus GLV-1h68
P04792,HSPB1,MI:0915,9606,Homo sapiens,GL095,I4L,502057,Vaccinia virus GLV-1h68
Q08379,GOLGA2,MI:0915,9606,Homo sapiens,GL095,I4L,502057,Vaccinia virus GLV-1h68
Q6P5S2,LEG1,MI:0915,9606,Homo sapiens,GL095,I4L,502057,Vaccinia virus GLV-1h68
Q86VP6,CAND1,MI:0915,9606,Homo sapiens,GL095,I4L,502057,Vaccinia virus GLV-1h68
Q8WW38,ZFPM2,MI:0915,9606,Homo sapiens,GL095,I4L,502057,Vaccinia virus GLV-1h68
Q92624,APPBP2,MI:0915,9606,Homo sapiens,GL095,I4L,502057,Vaccinia virus GLV-1h68
Q96DA0,ZG16B,MI:0915,9606,Homo sapiens,GL095,I4L,502057,Vaccinia virus GLV-1h68
Q9P0K7,RAI14,MI:0915,9606,Homo sapiens,GL095,I4L,502057,Vaccinia virus GLV-1h68
O00339,MATN2,MI:0915,9606,Homo sapiens,GL108,G6R,502057,Vaccinia virus GLV-1h68
O00391,QSOX1,MI:0915,9606,Homo sapiens,GL108,G6R,502057,Vaccinia virus GLV-1h68
P01903,HLA-DRA,MI:0915,9606,Homo sapiens,GL108,G6R,502057,Vaccinia virus GLV-1h68
P18583,SON,MI:0915,9606,Homo sapiens,GL108,G6R,502057,Vaccinia virus GLV-1h68
P19237,TNNI1,MI:0915,9606,Homo sapiens,GL108,G6R,502057,Vaccinia virus GLV-1h68
P28562,DUSP1,MI:0915,9606,Homo sapiens,GL108,G6R,502057,Vaccinia virus GLV-1h68
P28838,LAP3,MI:0915,9606,Homo sapiens,GL108,G6R,502057,Vaccinia virus GLV-1h68
P31025,LCN1,MI:0915,9606,Homo sapiens,GL108,G6R,502057,Vaccinia virus GLV-1h68
P31151,S100A7,MI:0915,9606,Homo sapiens,GL108,G6R,502057,Vaccinia virus GLV-1h68
P62266,RPS23,MI:0915,9606,Homo sapiens,GL108,G6R,502057,Vaccinia virus GLV-1h68
Q01955,COL4A3,MI:0915,9606,Homo sapiens,GL108,G6R,502057,Vaccinia virus GLV-1h68
Q06481,APLP2,MI:0915,9606,Homo sapiens,GL108,G6R,502057,Vaccinia virus GLV-1h68
Q2TBE0,CWF19L2,MI:0915,9606,Homo sapiens,GL108,G6R,502057,Vaccinia virus GLV-1h68
Q6UWP8,SBSN,MI:0915,9606,Homo sapiens,GL108,G6R,502057,Vaccinia virus GLV-1h68
Q8WWI1,LMO7,MI:0915,9606,Homo sapiens,GL108,G6R,502057,Vaccinia virus GLV-1h68
Q92187,ST8SIA4,MI:0915,9606,Homo sapiens,GL108,G6R,502057,Vaccinia virus GLV-1h68
Q96E22,NUS1,MI:0915,9606,Homo sapiens,GL108,G6R,502057,Vaccinia virus GLV-1h68
Q9BT92,TCHP,MI:0915,9606,Homo sapiens,GL108,G6R,502057,Vaccinia virus GLV-1h68
P13861,PRKAR2A,MI:0915,9606,Homo sapiens,GL109,G7L,502057,Vaccinia virus GLV-1h68
P22626,HNRNPA2B1,MI:0915,9606,Homo sapiens,GL131,,502057,Vaccinia virus GLV-1h68
Q96RQ9,IL4I1,MI:0915,9606,Homo sapiens,GL135,D1R,502057,Vaccinia virus GLV-1h68
P04083,ANXA1,MI:0915,9606,Homo sapiens,GL142,D5R,502057,Vaccinia virus GLV-1h68
P07355,ANXA2,MI:0915,9606,Homo sapiens,GL142,D5R,502057,Vaccinia virus GLV-1h68
P12111,COL6A3,MI:0915,9606,Homo sapiens,GL142,D5R,502057,Vaccinia virus GLV-1h68
Q8WTS1,ABHD5,MI:0915,9606,Homo sapiens,GL142,D5R,502057,Vaccinia virus GLV-1h68
P20700,LMNB1,MI:0915,9606,Homo sapiens,GL189,A20R,502057,Vaccinia virus GLV-1h68
Q03252,LMNB2,MI:0915,9606,Homo sapiens,GL189,A20R,502057,Vaccinia virus GLV-1h68
P19013,KRT4,MI:0915,9606,Homo sapiens,GL203,A27L,502057,Vaccinia virus GLV-1h68
Q92560,BAP1,MI:0915,9606,Homo sapiens,GL203,A27L,502057,Vaccinia virus GLV-1h68
Q9UH99,SUN2,MI:0915,9606,Homo sapiens,GL203,A27L,502057,Vaccinia virus GLV-1h68
P33176,KIF5B,MI:0915,9606,Homo sapiens,GL215,A36R,502057,Vaccinia virus GLV-1h68
O00585,CCL21,MI:0915,9606,Homo sapiens,GL224,A41L,502057,Vaccinia virus GLV-1h68
O15444,CCL25,MI:0915,9606,Homo sapiens,GL224,A41L,502057,Vaccinia virus GLV-1h68
P02775,PPBP,MI:0915,9606,Homo sapiens,GL224,A41L,502057,Vaccinia virus GLV-1h68
P02776,PF4,MI:0915,9606,Homo sapiens,GL224,A41L,502057,Vaccinia virus GLV-1h68
P19876,CXCL3,MI:0915,9606,Homo sapiens,GL224,A41L,502057,Vaccinia virus GLV-1h68
P22362,CCL1,MI:0915,9606,Homo sapiens,GL224,A41L,502057,Vaccinia virus GLV-1h68
Q92583,CCL17,MI:0915,9606,Homo sapiens,GL224,A41L,502057,Vaccinia virus GLV-1h68
Q9NRJ3,CCL28,MI:0915,9606,Homo sapiens,GL224,A41L,502057,Vaccinia virus GLV-1h68
Q9Y258,CCL26,MI:0915,9606,Homo sapiens,GL224,A41L,502057,Vaccinia virus GLV-1h68
P46939,UTRN,MI:0915,9606,Homo sapiens,GL229,A45R,502057,Vaccinia virus GLV-1h68
Q15643,TRIP11,MI:0915,9606,Homo sapiens,GL229,A45R,502057,Vaccinia virus GLV-1h68
Q15797,SMAD1,MI:0915,9606,Homo sapiens,GL229,A45R,502057,Vaccinia virus GLV-1h68
Q66GS9,CEP135,MI:0915,9606,Homo sapiens,GL229,A45R,502057,Vaccinia virus GLV-1h68
Q8NFZ5,TNIP2,MI:0915,9606,Homo sapiens,GL229,A45R,502057,Vaccinia virus GLV-1h68
O00206,TLR4,MI:0915,9606,Homo sapiens,GL230,A46R,502057,Vaccinia virus GLV-1h68
P58753,TIRAP,MI:0915,9606,Homo sapiens,GL230,A46R,502057,Vaccinia virus GLV-1h68
Q8IUC6,TICAM1,MI:0915,9606,Homo sapiens,GL230,A46R,502057,Vaccinia virus GLV-1h68
Q9Y3B3,TMED7,MI:0915,9606,Homo sapiens,GL230,A46R,502057,Vaccinia virus GLV-1h68
O00459,PIK3R2,MI:0914,9606,Homo sapiens,GL240,A52R,502057,Vaccinia virus GLV-1h68
O43187,IRAK2,MI:0915,9606,Homo sapiens,GL240,A52R,502057,Vaccinia virus GLV-1h68
P05023,ATP1A1,MI:0914,9606,Homo sapiens,GL240,A52R,502057,Vaccinia virus GLV-1h68
P05141,SLC25A5,MI:0914,9606,Homo sapiens,GL240,A52R,502057,Vaccinia virus GLV-1h68
P07437,TUBB,MI:0914,9606,Homo sapiens,GL240,A52R,502057,Vaccinia virus GLV-1h68
P12235,SLC25A4,MI:0914,9606,Homo sapiens,GL240,A52R,502057,Vaccinia virus GLV-1h68
P12236,SLC25A6,MI:0914,9606,Homo sapiens,GL240,A52R,502057,Vaccinia virus GLV-1h68
P13637,ATP1A3,MI:0914,9606,Homo sapiens,GL240,A52R,502057,Vaccinia virus GLV-1h68
P22492,CCL1,MI:0914,9606,Homo sapiens,GL240,A52R,502057,Vaccinia virus GLV-1h68
P27986,PIK3R1,MI:0914,9606,Homo sapiens,GL240,A52R,502057,Vaccinia virus GLV-1h68
P42336,PIK3CA,MI:0914,9606,Homo sapiens,GL240,A52R,502057,Vaccinia virus GLV-1h68
P42338,PIK3CB,MI:0914,9606,Homo sapiens,GL240,A52R,502057,Vaccinia virus GLV-1h68
P68104,EEF1A1,MI:0914,9606,Homo sapiens,GL240,A52R,502057,Vaccinia virus GLV-1h68
Q00325,SLC25A3,MI:0914,9606,Homo sapiens,GL240,A52R,502057,Vaccinia virus GLV-1h68
Q02539,H1-1,MI:0914,9606,Homo sapiens,GL240,A52R,502057,Vaccinia virus GLV-1h68
Q05639,EEF1A2,MI:0914,9606,Homo sapiens,GL240,A52R,502057,Vaccinia virus GLV-1h68
Q71U36,TUBA1A,MI:0914,9606,Homo sapiens,GL240,A52R,502057,Vaccinia virus GLV-1h68
Q92569,PIK3R3,MI:0914,9606,Homo sapiens,GL240,A52R,502057,Vaccinia virus GLV-1h68
Q9BQE3,TUBA1C,MI:0914,9606,Homo sapiens,GL240,A52R,502057,Vaccinia virus GLV-1h68
Q9Y4K3,TRAF6,MI:0915,9606,Homo sapiens,GL240,A52R,502057,Vaccinia virus GLV-1h68
P01579,IFNG,MI:0914,9606,Homo sapiens,GL260,B8R,502057,Vaccinia virus GLV-1h68
O14920,IKBKB,MI:0914,9606,Homo sapiens,GL268,B15R,502057,Vaccinia virus GLV-1h68
O14920,IKBKB,MI:0915,9606,Homo sapiens,GL268,B15R,502057,Vaccinia virus GLV-1h68
O15037,KHNYN,MI:0914,9606,Homo sapiens,GL268,B15R,502057,Vaccinia virus GLV-1h68
O15037,KHNYN,MI:0915,9606,Homo sapiens,GL268,B15R,502057,Vaccinia virus GLV-1h68
O15111,CHUK,MI:0914,9606,Homo sapiens,GL268,B15R,502057,Vaccinia virus GLV-1h68
O15111,CHUK,MI:0915,9606,Homo sapiens,GL268,B15R,502057,Vaccinia virus GLV-1h68
O75113,N4BP1,MI:0915,9606,Homo sapiens,GL268,B15R,502057,Vaccinia virus GLV-1h68
P08238,HSP90AB1,MI:0914,9606,Homo sapiens,GL268,B15R,502057,Vaccinia virus GLV-1h68
P22492,CCL1,MI:0914,9606,Homo sapiens,GL268,B15R,502057,Vaccinia virus GLV-1h68
P35268,RPL22,MI:0914,9606,Homo sapiens,GL268,B15R,502057,Vaccinia virus GLV-1h68
P54652,HSPA2,MI:0914,9606,Homo sapiens,GL268,B15R,502057,Vaccinia virus GLV-1h68
Q01850,CDR2,MI:0915,9606,Homo sapiens,GL268,B15R,502057,Vaccinia virus GLV-1h68
Q02539,H1-1,MI:0914,9606,Homo sapiens,GL268,B15R,502057,Vaccinia virus GLV-1h68
Q13085,ACACA,MI:0914,9606,Homo sapiens,GL268,B15R,502057,Vaccinia virus GLV-1h68
Q16543,CDC37,MI:0914,9606,Homo sapiens,GL268,B15R,502057,Vaccinia virus GLV-1h68
Q71U36,TUBA1A,MI:0914,9606,Homo sapiens,GL268,B15R,502057,Vaccinia virus GLV-1h68
Q93008,USP9X,MI:0914,9606,Homo sapiens,GL268,B15R,502057,Vaccinia virus GLV-1h68
Q9BQE3,TUBA1C,MI:0914,9606,Homo sapiens,GL268,B15R,502057,Vaccinia virus GLV-1h68
Q9HCC0,MCCC2,MI:0914,9606,Homo sapiens,GL268,B15R,502057,Vaccinia virus GLV-1h68
Q9P2P1,NYNRIN,MI:0914,9606,Homo sapiens,GL268,B15R,502057,Vaccinia virus GLV-1h68
Q9Y6K9,IKBKG,MI:0914,9606,Homo sapiens,GL268,B15R,502057,Vaccinia virus GLV-1h68
GL161,A2L,MI:0915,502057,Vaccinia virus GLV-1h68,GL131,,502057,Vaccinia virus GLV-1h68
GL181,A14L,MI:0915,502057,Vaccinia virus GLV-1h68,GL223,A40R,502057,Vaccinia virus GLV-1h68
GL140,D4R,MI:0407,502057,Vaccinia virus GLV-1h68,GL084,E9L,502057,Vaccinia virus GLV-1h68
GL161,A2L,MI:0915,502057,Vaccinia virus GLV-1h68,GL112,G8R,502057,Vaccinia virus GLV-1h68
GL001,C23L,MI:0915,502057,Vaccinia virus GLV-1h68,GL001,C23L,502057,Vaccinia virus GLV-1h68
GL002,,MI:0915,502057,Vaccinia virus GLV-1h68,GL002,,502057,Vaccinia virus GLV-1h68
GL003,,MI:0915,502057,Vaccinia virus GLV-1h68,GL003,,502057,Vaccinia virus GLV-1h68
GL004,C22L,MI:0915,502057,Vaccinia virus GLV-1h68,GL004,C22L,502057,Vaccinia virus GLV-1h68
GL004.5,,MI:0915,502057,Vaccinia virus GLV-1h68,GL004.5,,502057,Vaccinia virus GLV-1h68
GL005,,MI:0915,502057,Vaccinia virus GLV-1h68,GL005,,502057,Vaccinia virus GLV-1h68
GL006,C18L,MI:0915,502057,Vaccinia virus GLV-1h68,GL006,C18L,502057,Vaccinia virus GLV-1h68
GL007,C17L,MI:0915,502057,Vaccinia virus GLV-1h68,GL007,C17L,502057,Vaccinia virus GLV-1h68
GL008,,MI:0915,502057,Vaccinia virus GLV-1h68,GL008,,502057,Vaccinia virus GLV-1h68
GL009,C12L,MI:0915,502057,Vaccinia virus GLV-1h68,GL009,C12L,502057,Vaccinia virus GLV-1h68
GL009.5,,MI:0915,502057,Vaccinia virus GLV-1h68,GL009.5,,502057,Vaccinia virus GLV-1h68
GL010,C11R,MI:0915,502057,Vaccinia virus GLV-1h68,GL010,C11R,502057,Vaccinia virus GLV-1h68
GL011,C10L,MI:0915,502057,Vaccinia virus GLV-1h68,GL011,C10L,502057,Vaccinia virus GLV-1h68
GL012,,MI:0915,502057,Vaccinia virus GLV-1h68,GL012,,502057,Vaccinia virus GLV-1h68
GL013,,MI:0915,502057,Vaccinia virus GLV-1h68,GL013,,502057,Vaccinia virus GLV-1h68
GL014,,MI:0915,502057,Vaccinia virus GLV-1h68,GL014,,502057,Vaccinia virus GLV-1h68
GL015,,MI:0915,502057,Vaccinia virus GLV-1h68,GL015,,502057,Vaccinia virus GLV-1h68
GL018,,MI:0915,502057,Vaccinia virus GLV-1h68,GL018,,502057,Vaccinia virus GLV-1h68
GL033,N1L,MI:0915,502057,Vaccinia virus GLV-1h68,GL033,,502057,Vaccinia virus GLV-1h68
GL053,F4L,MI:0915,502057,Vaccinia virus GLV-1h68,GL053,F4L,502057,Vaccinia virus GLV-1h68
GL212,A34R,MI:0403,502057,Vaccinia virus GLV-1h68,GL066,F13L,502057,Vaccinia virus GLV-1h68
GL239,A51R,MI:0915,502057,Vaccinia virus GLV-1h68,GL082,E8R,502057,Vaccinia virus GLV-1h68
GL094,I3L,MI:0915,502057,Vaccinia virus GLV-1h68,GL094,I3L,502057,Vaccinia virus GLV-1h68
GL053,F4L,MI:0915,502057,Vaccinia virus GLV-1h68,GL095,I4L,502057,Vaccinia virus GLV-1h68
GL095,I4L,MI:0915,502057,Vaccinia virus GLV-1h68,GL095,I4L,502057,Vaccinia virus GLV-1h68
GL163,A3L,MI:0403,502057,Vaccinia virus GLV-1h68,GL113,G9R,502057,Vaccinia virus GLV-1h68
GL059,F8L,MI:0915,502057,Vaccinia virus GLV-1h68,GL117,L4R,502057,Vaccinia virus GLV-1h68
GL119,J1R,MI:0915,502057,Vaccinia virus GLV-1h68,GL119,J1R,502057,Vaccinia virus GLV-1h68
GL229,A45R,MI:0915,502057,Vaccinia virus GLV-1h68,GL119,J1R,502057,Vaccinia virus GLV-1h68
GL118,L5R,MI:0403,502057,Vaccinia virus GLV-1h68,GL128,H2R,502057,Vaccinia virus GLV-1h68
GL118,L5R,MI:0915,502057,Vaccinia virus GLV-1h68,GL128,H2R,502057,Vaccinia virus GLV-1h68
GL104,G2R,MI:0915,502057,Vaccinia virus GLV-1h68,GL131,H5R,502057,Vaccinia virus GLV-1h68
GL131,H5R,MI:0915,502057,Vaccinia virus GLV-1h68,GL131,H5R,502057,Vaccinia virus GLV-1h68
GL155,D12L,MI:0407,502057,Vaccinia virus GLV-1h68,GL135,D1R,502057,Vaccinia virus GLV-1h68
GL069,F15L,MI:0915,502057,Vaccinia virus GLV-1h68,GL149,D9R,502057,Vaccinia virus GLV-1h68
GL158,D13L,MI:0407,502057,Vaccinia virus GLV-1h68,GL158,D13L,502057,Vaccinia virus GLV-1h68
GL174,A10L,MI:0915,502057,Vaccinia virus GLV-1h68,GL174,A10L,502057,Vaccinia virus GLV-1h68
GL104,G2R,MI:0915,502057,Vaccinia virus GLV-1h68,GL186,A18R,502057,Vaccinia virus GLV-1h68
GL113,G9R,MI:0915,502057,Vaccinia virus GLV-1h68,GL204,A28L,502057,Vaccinia virus GLV-1h68
GL115,L2R,MI:0915,502057,Vaccinia virus GLV-1h68,GL207.5,A30.5L,502057,Vaccinia virus GLV-1h68
GL066,F13L,MI:0915,502057,Vaccinia virus GLV-1h68,GL211,A33R,502057,Vaccinia virus GLV-1h68
GL212,A34R,MI:0403,502057,Vaccinia virus GLV-1h68,GL211,A33R,502057,Vaccinia virus GLV-1h68
GL215,A36R,MI:0403,502057,Vaccinia virus GLV-1h68,GL211,A33R,502057,Vaccinia virus GLV-1h68
GL215,A36R,MI:0915,502057,Vaccinia virus GLV-1h68,GL211,A33R,502057,Vaccinia virus GLV-1h68
GL211,A33R,MI:0403,502057,Vaccinia virus GLV-1h68,GL215,A36R,502057,Vaccinia virus GLV-1h68
GL211,A33R,MI:0915,502057,Vaccinia virus GLV-1h68,GL215,A36R,502057,Vaccinia virus GLV-1h68
GL212,A34R,MI:0915,502057,Vaccinia virus GLV-1h68,GL215,A36R,502057,Vaccinia virus GLV-1h68
GL165,A4L,MI:0915,502057,Vaccinia virus GLV-1h68,GL229,A45R,502057,Vaccinia virus GLV-1h68
GL229,A45R,MI:0915,502057,Vaccinia virus GLV-1h68,GL229,A45R,502057,Vaccinia virus GLV-1h68
GL131,H5R,MI:0915,502057,Vaccinia virus GLV-1h68,GL235,A49R,502057,Vaccinia virus GLV-1h68
GL239,A51R,MI:0915,502057,Vaccinia virus GLV-1h68,GL239,A51R,502057,Vaccinia virus GLV-1h68
GL270,,MI:0915,502057,Vaccinia virus GLV-1h68,GL270,,502057,Vaccinia virus GLV-1h68
GL274,B19R,MI:0915,502057,Vaccinia virus GLV-1h68,GL274,B19R,502057,Vaccinia virus GLV-1h68
GL277,,MI:0915,502057,Vaccinia virus GLV-1h68,GL277,,502057,Vaccinia virus GLV-1h68
GL245-,A56R,MI:0915,502057,Vaccinia virus GLV-1h68,GL029,C3L,502057,Vaccinia virus GLV-1h68
GL011,C10L,MI:0915,502057,Vaccinia virus GLV-1h68,GL037,K1L,502057,Vaccinia virus GLV-1h68
GL245-,A56R,MI:0915,502057,Vaccinia virus GLV-1h68,GL092,I1L,502057,Vaccinia virus GLV-1h68
GL186,A50R,MI:0915,502057,Vaccinia virus GLV-1h68,GL131,H5R,502057,Vaccinia virus GLV-1h68
GL247,VPK1,MI:0915,502057,Vaccinia virus GLV-1h68,GL131,H5R,502057,Vaccinia virus GLV-1h68
GL112,G8R,MI:0915,502057,Vaccinia virus GLV-1h68,GL131,H5R,502057,Vaccinia virus GLV-1h68
GL245-,A56R,MI:0915,502057,Vaccinia virus GLV-1h68,GL184,A16L,502057,Vaccinia virus GLV-1h68
GL256,B5R,MI:0403,502057,Vaccinia virus GLV-1h68,GL211,A33R,502057,Vaccinia virus GLV-1h68
GL256,B5R,MI:0915,502057,Vaccinia virus GLV-1h68,GL211,A33R,502057,Vaccinia virus GLV-1h68
GL256,B5R,MI:0915,502057,Vaccinia virus GLV-1h68,GL212,A34R,502057,Vaccinia virus GLV-1h68
GL256,B5R,MI:0403,502057,Vaccinia virus GLV-1h68,GL215,A36R,502057,Vaccinia virus GLV-1h68
GL068-,F14.5L,insertion,502057,Vaccinia virus GLV-1h68,RUC-GFP,RUC-GFP,,insertion
GL121-,J2R,insertion,502057,Vaccinia virus GLV-1h68,lacZ,lacZ,,insertion
GL245-,A56R,insertion,502057,Vaccinia virus GLV-1h68,gusA,gusA,,insertion
